<?xml version="1.0"?>
<contacts>
    <contact>
        <contactId>CONTACT_6752f9ed9232c</contactId>
        <phone/>
        <firstName>cdscds</firstName>
        <lastName>dsvdsvds</lastName>
        <dob/>
        <email/>
        <gender/>
        <comment>cdsavdfsvbdfbdfbdfabadfvbdfvdfvdf</comment>
    </contact>
    <contact>
        <contactId>CONTACT_6752f9ee8b7db</contactId>
        <phone/>
        <firstName>cdscds</firstName>
        <lastName>dsvdsvds</lastName>
        <dob/>
        <email/>
        <gender/>
        <comment>cdsavdfsvbdfbdfbdfabadfvbdfvdfvdf</comment>
    </contact>
    <contact>
        <contactId>CONTACT_6752f9f953f28</contactId>
        <phone/>
        <firstName>cdscds</firstName>
        <lastName>dsvdsvds</lastName>
        <dob/>
        <email/>
        <gender/>
        <comment>cdsavdfsvbdfbdfbdfabadfvbdfvdfvdf</comment>
    </contact>
    <contact>
        <contactId>CONTACT_6752fa5ae58fa</contactId>
        <phone/>
        <firstName>cdscds</firstName>
        <lastName>dsvdsvds</lastName>
        <dob/>
        <email/>
        <gender/>
        <comment>This is my comment of at least 10 characters.</comment>
    </contact>
    <contact>
        <contactId>CONTACT_6752fbf487564</contactId>
        <phone>111-111-1111</phone>
        <firstName>cdscds</firstName>
        <lastName>dsvdsvds</lastName>
        <dob>0000-00-00</dob>
        <email>soham@g.com</email>
        <gender>Male</gender>
        <comment>dsagvfsdvdsffbadffdgfbdfgnn</comment>
    </contact>
</contacts>
