[
  {
    "bookingId": "BKG-1731735788700",
    "flightId": "TX2585",
    "passengers": [
      {
        "firstName": "cdd",
        "lastName": "fdff",
        "dob": "",
        "ssn": ""
      },
      {
        "firstName": "cxv",
        "lastName": "cvx",
        "dob": "",
        "ssn": ""
      },
      {
        "firstName": "cv",
        "lastName": "cvx",
        "dob": "",
        "ssn": ""
      },
      {
        "firstName": "dsf",
        "lastName": "dfsa",
        "dob": "",
        "ssn": ""
      }
    ]
  },
  {
    "bookingId": "BKG-1731736424071",
    "flightDetails": {
      "flightId": "TX2585",
      "origin": "Dallas",
      "destination": "Los Angeles",
      "departureDate": "2024-11-08",
      "arrivalDate": "2024-11-25",
      "departureTime": "08:00 AM",
      "arrivalTime": "10:00 AM",
      "availableSeats": 88,
      "price": 225
    },
    "passengers": [
      {
        "firstName": "cdsvdfs",
        "lastName": "dfv",
        "dob": "2024-11-14",
        "ssn": "dvfs"
      },
      {
        "firstName": "adfv",
        "lastName": "fdv",
        "dob": "",
        "ssn": "fadv"
      },
      {
        "firstName": "fv",
        "lastName": "fdavf",
        "dob": "",
        "ssn": "fda"
      },
      {
        "firstName": "vf",
        "lastName": "fv",
        "dob": "",
        "ssn": "fv"
      }
    ]
  },
  {
    "bookingId": "BKG-1731737374242",
    "flightDetails": {
      "flightId": "TX2585",
      "origin": "Dallas",
      "destination": "Los Angeles",
      "departureDate": "2024-11-08",
      "arrivalDate": "2024-11-25",
      "departureTime": "08:00 AM",
      "arrivalTime": "10:00 AM",
      "availableSeats": 84,
      "price": 225
    },
    "passengers": [
      {
        "firstName": "csad",
        "lastName": "cadsv",
        "dob": "",
        "ssn": ""
      },
      {
        "firstName": "cd",
        "lastName": "ds",
        "dob": "",
        "ssn": ""
      },
      {
        "firstName": "vds",
        "lastName": "dsv",
        "dob": "",
        "ssn": ""
      },
      {
        "firstName": "vsD",
        "lastName": "vds",
        "dob": "",
        "ssn": ""
      }
    ]
  },
  {
    "bookingId": "BKG-1731737418915",
    "flightDetails": {
      "flightId": "TX2585",
      "origin": "Dallas",
      "destination": "Los Angeles",
      "departureDate": "2024-11-08",
      "arrivalDate": "2024-11-25",
      "departureTime": "08:00 AM",
      "arrivalTime": "10:00 AM",
      "availableSeats": 80,
      "price": 225
    },
    "passengers": [
      {
        "firstName": "csa",
        "lastName": "cds",
        "dob": "",
        "ssn": ""
      },
      {
        "firstName": "svvf",
        "lastName": "cdsvdsv",
        "dob": "",
        "ssn": ""
      },
      {
        "firstName": "dvdsv",
        "lastName": "dsv",
        "dob": "",
        "ssn": ""
      },
      {
        "firstName": "dsvdsv",
        "lastName": "dsvds",
        "dob": "",
        "ssn": ""
      }
    ]
  },
  {
    "bookingId": "BKG-1731737492389",
    "flightDetails": {
      "flightId": "TX2585",
      "origin": "Dallas",
      "destination": "Los Angeles",
      "departureDate": "2024-11-08",
      "arrivalDate": "2024-11-25",
      "departureTime": "08:00 AM",
      "arrivalTime": "10:00 AM",
      "availableSeats": 76,
      "price": 225
    },
    "passengers": [
      {
        "firstName": "",
        "lastName": "",
        "dob": "",
        "ssn": ""
      },
      {
        "firstName": "",
        "lastName": "",
        "dob": "",
        "ssn": ""
      },
      {
        "firstName": "",
        "lastName": "",
        "dob": "",
        "ssn": ""
      },
      {
        "firstName": "",
        "lastName": "",
        "dob": "",
        "ssn": ""
      }
    ]
  },
  {
    "bookingId": "BKG-1731737509093",
    "flightDetails": {
      "flightId": "TX2585",
      "origin": "Dallas",
      "destination": "Los Angeles",
      "departureDate": "2024-11-08",
      "arrivalDate": "2024-11-25",
      "departureTime": "08:00 AM",
      "arrivalTime": "10:00 AM",
      "availableSeats": 72,
      "price": 225
    },
    "passengers": [
      {
        "firstName": "",
        "lastName": "",
        "dob": "",
        "ssn": ""
      },
      {
        "firstName": "",
        "lastName": "",
        "dob": "",
        "ssn": ""
      },
      {
        "firstName": "",
        "lastName": "",
        "dob": "",
        "ssn": ""
      },
      {
        "firstName": "",
        "lastName": "",
        "dob": "",
        "ssn": ""
      }
    ]
  },
  {
    "bookingId": "BKG-1731737721198",
    "flightDetails": {
      "flightId": "TX2585",
      "origin": "Dallas",
      "destination": "Los Angeles",
      "departureDate": "2024-11-08",
      "arrivalDate": "2024-11-25",
      "departureTime": "08:00 AM",
      "arrivalTime": "10:00 AM",
      "availableSeats": 68,
      "price": 225
    },
    "passengers": [
      {
        "firstName": "",
        "lastName": "",
        "dob": "",
        "ssn": ""
      },
      {
        "firstName": "",
        "lastName": "",
        "dob": "",
        "ssn": ""
      },
      {
        "firstName": "",
        "lastName": "",
        "dob": "",
        "ssn": ""
      },
      {
        "firstName": "",
        "lastName": "",
        "dob": "",
        "ssn": ""
      }
    ]
  },
  {
    "bookingId": "BKG-1731737912986",
    "flightDetails": {
      "flightId": "TX2585",
      "origin": "Dallas",
      "destination": "Los Angeles",
      "departureDate": "2024-11-08",
      "arrivalDate": "2024-11-25",
      "departureTime": "08:00 AM",
      "arrivalTime": "10:00 AM",
      "availableSeats": 64,
      "price": 225
    },
    "passengers": [
      {
        "firstName": "",
        "lastName": "",
        "dob": "",
        "ssn": ""
      },
      {
        "firstName": "",
        "lastName": "",
        "dob": "",
        "ssn": ""
      },
      {
        "firstName": "",
        "lastName": "",
        "dob": "",
        "ssn": ""
      },
      {
        "firstName": "",
        "lastName": "",
        "dob": "",
        "ssn": ""
      }
    ]
  },
  {
    "bookingId": "BKG-1731738081416",
    "flightDetails": {
      "flightId": "TX2585",
      "origin": "Dallas",
      "destination": "Los Angeles",
      "departureDate": "2024-11-08",
      "arrivalDate": "2024-11-25",
      "departureTime": "08:00 AM",
      "arrivalTime": "10:00 AM",
      "availableSeats": 60,
      "price": 225
    },
    "passengers": [
      {
        "firstName": "",
        "lastName": "",
        "dob": "",
        "ssn": ""
      },
      {
        "firstName": "",
        "lastName": "",
        "dob": "",
        "ssn": ""
      },
      {
        "firstName": "",
        "lastName": "",
        "dob": "",
        "ssn": ""
      },
      {
        "firstName": "",
        "lastName": "",
        "dob": "",
        "ssn": ""
      }
    ]
  },
  {
    "bookingId": "BKG-1731738216732",
    "flightDetails": {
      "flightId": "TX2585",
      "origin": "Dallas",
      "destination": "Los Angeles",
      "departureDate": "2024-11-08",
      "arrivalDate": "2024-11-25",
      "departureTime": "08:00 AM",
      "arrivalTime": "10:00 AM",
      "availableSeats": 56,
      "price": 225
    },
    "passengers": [
      {
        "firstName": "",
        "lastName": "",
        "dob": "",
        "ssn": ""
      },
      {
        "firstName": "",
        "lastName": "",
        "dob": "",
        "ssn": ""
      },
      {
        "firstName": "",
        "lastName": "",
        "dob": "",
        "ssn": ""
      },
      {
        "firstName": "",
        "lastName": "",
        "dob": "",
        "ssn": ""
      }
    ]
  },
  {
    "bookingId": "BKG-1731738223070",
    "flightDetails": {
      "flightId": "TX2585",
      "origin": "Dallas",
      "destination": "Los Angeles",
      "departureDate": "2024-11-08",
      "arrivalDate": "2024-11-25",
      "departureTime": "08:00 AM",
      "arrivalTime": "10:00 AM",
      "availableSeats": 52,
      "price": 225
    },
    "passengers": [
      {
        "firstName": "",
        "lastName": "",
        "dob": "",
        "ssn": ""
      },
      {
        "firstName": "",
        "lastName": "",
        "dob": "",
        "ssn": ""
      },
      {
        "firstName": "",
        "lastName": "",
        "dob": "",
        "ssn": ""
      },
      {
        "firstName": "",
        "lastName": "",
        "dob": "",
        "ssn": ""
      }
    ]
  },
  {
    "bookingId": "BKG-1731738235899",
    "flightDetails": {
      "flightId": "TX2585",
      "origin": "Dallas",
      "destination": "Los Angeles",
      "departureDate": "2024-11-08",
      "arrivalDate": "2024-11-25",
      "departureTime": "08:00 AM",
      "arrivalTime": "10:00 AM",
      "availableSeats": 48,
      "price": 225
    },
    "passengers": [
      {
        "firstName": "",
        "lastName": "",
        "dob": "",
        "ssn": ""
      },
      {
        "firstName": "",
        "lastName": "",
        "dob": "",
        "ssn": ""
      },
      {
        "firstName": "",
        "lastName": "",
        "dob": "",
        "ssn": ""
      },
      {
        "firstName": "",
        "lastName": "",
        "dob": "",
        "ssn": ""
      }
    ]
  },
  {
    "bookingId": "BKG-1731738240390",
    "flightDetails": {
      "flightId": "TX2585",
      "origin": "Dallas",
      "destination": "Los Angeles",
      "departureDate": "2024-11-08",
      "arrivalDate": "2024-11-25",
      "departureTime": "08:00 AM",
      "arrivalTime": "10:00 AM",
      "availableSeats": 44,
      "price": 225
    },
    "passengers": [
      {
        "firstName": "",
        "lastName": "",
        "dob": "",
        "ssn": ""
      },
      {
        "firstName": "",
        "lastName": "",
        "dob": "",
        "ssn": ""
      },
      {
        "firstName": "",
        "lastName": "",
        "dob": "",
        "ssn": ""
      },
      {
        "firstName": "",
        "lastName": "",
        "dob": "",
        "ssn": ""
      }
    ]
  },
  {
    "bookingId": "BKG-1731738335210",
    "flightDetails": {
      "flightId": "TX2585",
      "origin": "Dallas",
      "destination": "Los Angeles",
      "departureDate": "2024-11-08",
      "arrivalDate": "2024-11-25",
      "departureTime": "08:00 AM",
      "arrivalTime": "10:00 AM",
      "availableSeats": 40,
      "price": 225
    },
    "passengers": [
      {
        "firstName": "",
        "lastName": "",
        "dob": "",
        "ssn": ""
      },
      {
        "firstName": "",
        "lastName": "",
        "dob": "",
        "ssn": ""
      },
      {
        "firstName": "",
        "lastName": "",
        "dob": "",
        "ssn": ""
      },
      {
        "firstName": "",
        "lastName": "",
        "dob": "",
        "ssn": ""
      }
    ]
  },
  {
    "bookingId": "BKG-1731738347219",
    "flightDetails": {
      "flightId": "TX2585",
      "origin": "Dallas",
      "destination": "Los Angeles",
      "departureDate": "2024-11-08",
      "arrivalDate": "2024-11-25",
      "departureTime": "08:00 AM",
      "arrivalTime": "10:00 AM",
      "availableSeats": 36,
      "price": 225
    },
    "passengers": [
      {
        "firstName": "",
        "lastName": "",
        "dob": "",
        "ssn": ""
      },
      {
        "firstName": "",
        "lastName": "",
        "dob": "",
        "ssn": ""
      },
      {
        "firstName": "",
        "lastName": "",
        "dob": "",
        "ssn": ""
      },
      {
        "firstName": "",
        "lastName": "",
        "dob": "",
        "ssn": ""
      }
    ]
  },
  {
    "bookingId": "BKG-1731738457963",
    "flightDetails": {
      "flightId": "TX2585",
      "origin": "Dallas",
      "destination": "Los Angeles",
      "departureDate": "2024-11-08",
      "arrivalDate": "2024-11-25",
      "departureTime": "08:00 AM",
      "arrivalTime": "10:00 AM",
      "availableSeats": 32,
      "price": 225
    },
    "passengers": [
      {
        "firstName": "",
        "lastName": "",
        "dob": "",
        "ssn": ""
      },
      {
        "firstName": "",
        "lastName": "",
        "dob": "",
        "ssn": ""
      },
      {
        "firstName": "",
        "lastName": "",
        "dob": "",
        "ssn": ""
      },
      {
        "firstName": "",
        "lastName": "",
        "dob": "",
        "ssn": ""
      }
    ]
  },
  {
    "bookingId": "BKG-1731738777834",
    "flightDetails": {
      "flightId": "TX2585",
      "origin": "Dallas",
      "destination": "Los Angeles",
      "departureDate": "2024-11-08",
      "arrivalDate": "2024-11-25",
      "departureTime": "08:00 AM",
      "arrivalTime": "10:00 AM",
      "availableSeats": 28,
      "price": 225
    },
    "passengers": [
      {
        "firstName": "",
        "lastName": "",
        "dob": "",
        "ssn": ""
      },
      {
        "firstName": "",
        "lastName": "",
        "dob": "",
        "ssn": ""
      },
      {
        "firstName": "",
        "lastName": "",
        "dob": "",
        "ssn": ""
      },
      {
        "firstName": "",
        "lastName": "",
        "dob": "",
        "ssn": ""
      }
    ]
  },
  {
    "bookingId": "BKG-1731738929425",
    "flightDetails": {
      "flightId": "TX3079",
      "origin": "Dallas",
      "destination": "Los Angeles",
      "departureDate": "2024-11-21",
      "arrivalDate": "2024-11-22",
      "departureTime": "09:00 AM",
      "arrivalTime": "11:00 AM",
      "availableSeats": 3,
      "price": 237
    },
    "passengers": [
      {
        "firstName": "dsddfs",
        "lastName": "",
        "dob": "",
        "ssn": ""
      }
    ]
  },
  {
    "bookingId": "BKG-1731738952089",
    "flightDetails": {
      "flightId": "TX3079",
      "origin": "Dallas",
      "destination": "Los Angeles",
      "departureDate": "2024-11-21",
      "arrivalDate": "2024-11-22",
      "departureTime": "09:00 AM",
      "arrivalTime": "11:00 AM",
      "availableSeats": 2,
      "price": 237
    },
    "passengers": [
      {
        "firstName": "cddssa",
        "lastName": "sd",
        "dob": "",
        "ssn": ""
      }
    ]
  },
  {
    "bookingId": "BKG-1731739043510",
    "flightDetails": {
      "flightId": "TX3079",
      "origin": "Dallas",
      "destination": "Los Angeles",
      "departureDate": "2024-11-21",
      "arrivalDate": "2024-11-22",
      "departureTime": "09:00 AM",
      "arrivalTime": "11:00 AM",
      "availableSeats": 1,
      "price": 237
    },
    "passengers": [
      {
        "firstName": "",
        "lastName": "",
        "dob": "",
        "ssn": ""
      }
    ]
  },
  {
    "bookingId": "BKG-1731739676714",
    "flightDetails": {
      "flightId": "TX3079",
      "origin": "Dallas",
      "destination": "Los Angeles",
      "departureDate": "2024-11-21",
      "arrivalDate": "2024-11-22",
      "departureTime": "09:00 AM",
      "arrivalTime": "11:00 AM",
      "availableSeats": 10000,
      "price": 237
    },
    "passengers": [
      {
        "firstName": "",
        "lastName": "",
        "dob": "",
        "ssn": ""
      }
    ]
  },
  {
    "bookingId": "BKG-1731739721732",
    "flightDetails": {
      "flightId": "TX3079",
      "origin": "Dallas",
      "destination": "Los Angeles",
      "departureDate": "2024-11-21",
      "arrivalDate": "2024-11-22",
      "departureTime": "09:00 AM",
      "arrivalTime": "11:00 AM",
      "availableSeats": 9999,
      "price": 237
    },
    "passengers": [
      {
        "firstName": "",
        "lastName": "",
        "dob": "",
        "ssn": ""
      }
    ]
  },
  {
    "bookingId": "BKG-1731739811854",
    "flightDetails": {
      "flightId": "TX3079",
      "origin": "Dallas",
      "destination": "Los Angeles",
      "departureDate": "2024-11-21",
      "arrivalDate": "2024-11-22",
      "departureTime": "09:00 AM",
      "arrivalTime": "11:00 AM",
      "availableSeats": 9998,
      "price": 237
    },
    "passengers": [
      {
        "firstName": "",
        "lastName": "",
        "dob": "",
        "ssn": ""
      }
    ]
  },
  {
    "bookingId": "BKG-H-1731822045903-816",
    "hotelId": "H0061",
    "name": "Sunset Resort Dallas",
    "city": "Dallas",
    "checkInDate": "2024-11-09",
    "checkOutDate": "2024-11-15",
    "pricePerNight": 91,
    "adults": 1,
    "children": 0,
    "infants": 0,
    "rooms": 1,
    "totalPrice": 546
  },
  {
    "bookingId": "BKG-1731823682545",
    "flightDetails": {
      "flightId": "TX2623",
      "origin": "Dallas",
      "destination": "Los Angeles",
      "departureDate": "2024-11-09",
      "arrivalDate": "2024-11-15",
      "departureTime": "01:30 AM",
      "arrivalTime": "03:30 AM",
      "availableSeats": 6,
      "price": 116
    },
    "passengers": [
      {
        "firstName": "ds",
        "lastName": "df",
        "dob": "",
        "ssn": "dads"
      }
    ]
  },
  {
    "bookingId": "BKG-1732238715247",
    "flightDetails": {
      "flightId": "TX3079",
      "origin": "Dallas",
      "destination": "Los Angeles",
      "departureDate": "2024-11-21",
      "arrivalDate": "2024-11-22",
      "departureTime": "09:00 AM",
      "arrivalTime": "11:00 AM",
      "availableSeats": 9997,
      "price": 237
    },
    "passengers": [
      {
        "firstName": "Soham",
        "lastName": "Shinde",
        "dob": "2000-10-04",
        "ssn": "123-45-6789"
      }
    ]
  },
  {
    "bookingId": "BKG-1732238852795",
    "flightDetails": {
      "flightId": "TX0001",
      "origin": "Dallas",
      "destination": "Los Angeles",
      "departureDate": "2024-09-01",
      "arrivalDate": "2024-10-10",
      "departureTime": "01:30 AM",
      "arrivalTime": "04:30 AM",
      "availableSeats": 10,
      "price": 117
    },
    "passengers": [
      {
        "firstName": "Soham",
        "lastName": "Shinde",
        "dob": "2000-10-04",
        "ssn": "123-45-6789"
      }
    ]
  },
  {
    "bookingId": "BKG-1732239567399",
    "flightDetails": {
      "flightId": "TX0001",
      "origin": "Dallas",
      "destination": "Los Angeles",
      "departureDate": "2024-09-01",
      "arrivalDate": "2024-10-10",
      "departureTime": "01:30 AM",
      "arrivalTime": "04:30 AM",
      "availableSeats": 9,
      "price": 117
    },
    "passengers": [
      {
        "firstName": "Soham",
        "lastName": "Shinde",
        "dob": "2000-10-04",
        "ssn": "123-456-6789"
      }
    ]
  },
  {
    "bookingId": "BKG-1732239670497",
    "flightDetails": {
      "flightId": "TX0001",
      "origin": "Dallas",
      "destination": "Los Angeles",
      "departureDate": "2024-09-01",
      "arrivalDate": "2024-10-10",
      "departureTime": "01:30 AM",
      "arrivalTime": "04:30 AM",
      "availableSeats": 8,
      "price": 117
    },
    "passengers": [
      {
        "firstName": "Soham",
        "lastName": "Shinde",
        "dob": "2000-10-04",
        "ssn": "123-456-789"
      }
    ]
  }
]